Prediction reliability,BeMF,PMF,BiasedMF,NMF,BNMF,URP,SVD++
0,1,1,1,1,1,0.99969946833,1
0.1,1,1,1,1,1,0.99969946833,1
0.2,0.98836851375,1,1,1,1,0.99969036131,1
0.3,0.82919601404,1,1,1,1,0.99260509957,1
0.4,0.46879479516,1,1,1,1,0.99256867149,1
0.5,0.20588604932,1,1,1,1,0.99252677919,1
0.6,0.08900655159,1,1,1,1,0.9641329115,1
0.7,0.04050620461,1,1,1,1,0.92752086874,1
0.8,0.01918120602,1,1,1,1,0.90115422374,1
0.9,0.00856606324,1,1,1,1,0.84327546733,1
