Prediction reliability (From),Prediction reliability (To),Count
0.10928579908,0.19025981734,25521
0.19025981734,0.27123383561,380453
0.27123383561,0.35220785388,1266629
0.35220785388,0.43318187214,1518295
0.43318187214,0.51415589041,1091934
0.51415589041,0.59512990867,627874
0.59512990867,0.67610392694,354418
0.67610392694,0.7570779452,213496
0.7570779452,0.83805196347,135456
0.83805196347,0.91902598173,92083
0.91902598173,1,82047
