Prediction reliability (From),Prediction reliability (To),Count
0.1071402523,0.18830648977,4085
0.18830648977,0.26947272725,45951
0.26947272725,0.35063896472,141881
0.35063896472,0.43180520219,155776
0.43180520219,0.51297143967,100270
0.51297143967,0.59413767714,49777
0.59413767714,0.67530391462,24442
0.67530391462,0.75647015209,12303
0.75647015209,0.83763638956,6640
0.83763638956,0.91880262704,3990
0.91880262704,0.99996886451,3911
