Prediction reliability,BeMF,PMF,BiasedMF,NMF,BNMF,URP,SVD++
0,1,1,1,1,1,0.97162114225,1
0.1,1,1,1,1,1,0.97162114225,1
0.2,0.95494856332,1,1,1,1,0.97162114225,1
0.3,0.77758070238,1,1,1,1,0.97162114225,1
0.4,0.47995743171,1,1,1,1,0.97126640653,1
0.5,0.24583185527,1,1,1,1,0.97126640653,1
0.6,0.13409010287,1,1,1,1,0.9691379922,1
0.7,0.06598084427,1,1,1,1,0.96417169209,1
0.8,0.03511883647,1,1,1,1,0.95885065626,1
0.9,0.01667257893,1,1,1,1,0.94891805605,1
