Prediction reliability (From),Prediction reliability (To),Count
0.13692939383,0.21453990401,171
0.21453990401,0.29215041418,395
0.29215041418,0.36976092435,653
0.36976092435,0.44737143453,585
0.44737143453,0.5249819447,417
0.5249819447,0.60259245487,227
0.60259245487,0.68020296504,163
0.68020296504,0.75781347522,77
0.75781347522,0.83542398539,52
0.83542398539,0.91303449556,37
0.91303449556,0.99064500573,41
