Prediction reliability (From),Prediction reliability (To),Count
0.13692415708,0.21511749717,691
0.21511749717,0.29331083726,4568
0.29331083726,0.37150417735,7364
0.37150417735,0.44969751744,6770
0.44969751744,0.52789085753,5065
0.52789085753,0.60608419762,3167
0.60608419762,0.68427753771,1966
0.68427753771,0.7624708778,1233
0.7624708778,0.84066421789,725
0.84066421789,0.91885755799,517
0.91885755799,0.99705089808,608
