Prediction reliability (From),Prediction reliability (To),Count
0.22100703605,0.29071053979,1895
0.29071053979,0.36041404354,12465
0.36041404354,0.43011754728,24633
0.43011754728,0.49982105102,23590
0.49982105102,0.56952455476,13672
0.56952455476,0.63922805851,6693
0.63922805851,0.70893156225,3337
0.70893156225,0.77863506599,1727
0.77863506599,0.84833856973,785
0.84833856973,0.91804207348,308
0.91804207348,0.98774557722,72
