Prediction reliability,BeMF,PMF,BiasedMF,NMF,BNMF,URP,SVD++
0,1,1,1,1,1,0.98806880621,1
0.1,1,1,1,1,1,0.98806880621,1
0.2,1,1,1,1,1,0.98804637915,1
0.3,0.96979075557,1,1,1,1,0.98804637915,1
0.4,0.69270447868,1,1,1,1,0.9879454574,1
0.5,0.29774159546,1,1,1,1,0.98791181682,1
0.6,0.10553051201,1,1,1,1,0.96457646505,1
0.7,0.03610756016,1,1,1,1,0.95249949539,1
0.8,0.00974455583,1,1,1,1,0.94285586131,1
0.9,0.00136805042,1,1,1,1,0.90683800937,1
